<?xml version="1.0" encoding="UTF-8"?>
<configuration>
    <!-- 定义日志文件 输入位置 -->
    <property name="log_dir" value="logback/log" />
    <!-- 日志最大的历史 30天 -->
    <property name="maxHistory" value="30"/>

    <appender name="STDOUT" class="ch.qos.logback.core.ConsoleAppender">
        <!-- encoder 默认配置为PatternLayoutEncoder -->
        <encoder>
            <pattern>%d{HH:mm:ss.SSS}--------- [%thread] %-5level %logger{36} - %msg%n</pattern>
        </encoder>
    </appender>
    <!--ch.qos.logback.classic.db.DBAppender
    com.zhang.logging.MyDBAppender-->
    <appender name="ERROR" class="ch.qos.logback.core.rolling.RollingFileAppender">
        <!-- 过滤器，只记录WARN级别的日志 -->
        <filter class="ch.qos.logback.classic.filter.LevelFilter">
            <level>ERROR</level>
            <onMatch>ACCEPT</onMatch>
            <onMismatch>DENY</onMismatch>
        </filter>
        <!-- 最常用的滚动策略，它根据时间来制定滚动策略.既负责滚动也负责出发滚动 -->
        <rollingPolicy class="ch.qos.logback.core.rolling.TimeBasedRollingPolicy">
            <!--日志输出位置  可相对、和绝对路径 -->
            <fileNamePattern>${log_dir}/%d{yyyy-MM-dd}/error-log.log</fileNamePattern>
            <!-- 可选节点，控制保留的归档文件的最大数量，超出数量就删除旧文件假设设置每个月滚动，且<maxHistory>是6，
            则只保存最近6个月的文件，删除之前的旧文件。注意，删除旧文件是，那些为了归档而创建的目录也会被删除-->
            <maxHistory>${maxHistory}</maxHistory>
        </rollingPolicy>

        <!-- 按照固定窗口模式生成日志文件，当文件大于20MB时，生成新的日志文件。窗口大小是1到3，当保存了3个归档文件后，将覆盖最早的日志。
        <rollingPolicy class="ch.qos.logback.core.rolling.FixedWindowRollingPolicy">
          <fileNamePattern>${log_dir}/%d{yyyy-MM-dd}/.log.zip</fileNamePattern>
          <minIndex>1</minIndex>
          <maxIndex>3</maxIndex>
        </rollingPolicy>   -->
        <!-- 查看当前活动文件的大小，如果超过指定大小会告知RollingFileAppender 触发当前活动文件滚动
        <triggeringPolicy class="ch.qos.logback.core.rolling.SizeBasedTriggeringPolicy">
            <maxFileSize>5MB</maxFileSize>
        </triggeringPolicy>   -->

        <encoder>
            <pattern>%d{yyyy-MM-dd HH:mm:ss.SSS} [%thread] %-5level %logger - %msg%n</pattern>
        </encoder>
    </appender>



    <!-- WARN级别日志 appender -->
    <appender name="WARN" class="ch.qos.logback.core.rolling.RollingFileAppender">
        <!-- 过滤器，只记录WARN级别的日志 -->
        <filter class="ch.qos.logback.classic.filter.LevelFilter">
            <level>WARN</level>
            <onMatch>ACCEPT</onMatch>
            <onMismatch>DENY</onMismatch>
        </filter>
        <rollingPolicy class="ch.qos.logback.core.rolling.TimeBasedRollingPolicy">
            <!-- 按天回滚 daily -->
            <fileNamePattern>${log_dir}/%d{yyyy-MM-dd}/warn-log.log
            </fileNamePattern>
            <!-- 日志最大的历史 60天 -->
            <maxHistory>${maxHistory}</maxHistory>
        </rollingPolicy>
        <encoder>
            <pattern>%d{yyyy-MM-dd HH:mm:ss.SSS} [%thread] %-5level %logger - %msg%n</pattern>
        </encoder>
    </appender>




    <!-- INFO级别日志 appender -->
    <appender name="INFO" class="ch.qos.logback.core.rolling.RollingFileAppender">
        <!-- 过滤器，只记录INFO级别的日志 -->
        <filter class="ch.qos.logback.classic.filter.LevelFilter">
            <level>INFO</level>
            <onMatch>ACCEPT</onMatch>
            <onMismatch>DENY</onMismatch>
        </filter>
        <rollingPolicy class="ch.qos.logback.core.rolling.TimeBasedRollingPolicy">
            <!-- 按天回滚 daily -->
            <fileNamePattern>${log_dir}/%d{yyyy-MM-dd}/info-log.log
            </fileNamePattern>
            <!-- 日志最大的历史 60天 -->
            <maxHistory>${maxHistory}</maxHistory>
        </rollingPolicy>
        <encoder>
            <pattern>%d{yyyy-MM-dd HH:mm:ss.SSS} [%thread] %-5level %logger - %msg%n</pattern>
        </encoder>
    </appender>




    <!-- DEBUG级别日志 appender -->
    <appender name="DEBUG" class="ch.qos.logback.core.rolling.RollingFileAppender">
        <!-- 过滤器，只记录DEBUG级别的日志 -->
        <filter class="ch.qos.logback.classic.filter.LevelFilter">
            <level>DEBUG</level>
            <onMatch>ACCEPT</onMatch>
            <onMismatch>DENY</onMismatch>
        </filter>
        <rollingPolicy class="ch.qos.logback.core.rolling.TimeBasedRollingPolicy">
            <!-- 按天回滚 daily -->
            <fileNamePattern>${log_dir}/%d{yyyy-MM-dd}/debug-log.log
            </fileNamePattern>
            <!-- 日志最大的历史 60天 -->
            <maxHistory>${maxHistory}</maxHistory>
        </rollingPolicy>
        <encoder>
            <pattern>%d{yyyy-MM-dd HH:mm:ss.SSS} [%thread] %-5level %logger - %msg%n</pattern>
        </encoder>
    </appender>




    <!-- TRACE级别日志 appender -->
    <appender name="TRACE" class="ch.qos.logback.core.rolling.RollingFileAppender">
        <!-- 过滤器，只记录ERROR级别的日志 -->
        <filter class="ch.qos.logback.classic.filter.LevelFilter">
            <level>TRACE</level>
            <onMatch>ACCEPT</onMatch>
            <onMismatch>DENY</onMismatch>
        </filter>
        <rollingPolicy class="ch.qos.logback.core.rolling.TimeBasedRollingPolicy">
            <!-- 按天回滚 daily -->
            <fileNamePattern>${log_dir}/%d{yyyy-MM-dd}/trace-log.log
            </fileNamePattern>
            <!-- 日志最大的历史 60天 -->
            <maxHistory>${maxHistory}</maxHistory>
        </rollingPolicy>
        <encoder>
            <pattern>%d{yyyy-MM-dd HH:mm:ss.SSS} [%thread] %-5level %logger - %msg%n</pattern>
        </encoder>
    </appender>





    <appender name="DB" class="yuan.ding.logging.MyDBAppender">
        <connectionSource class="ch.qos.logback.core.db.DataSourceConnectionSource">
            <dataSource class="org.apache.commons.dbcp.BasicDataSource">
                <driverClassName>com.mysql.jdbc.Driver</driverClassName>
                <url>jdbc:mysql://localhost/pong?serverTimezone=GMT</url>
                <username>root</username>
                <password>root</password>
            </dataSource>
        </connectionSource>
    </appender>

    <!-- logback为java中的包 -->
    <logger name="logback"/>

    <root level="DEBUG">
        <!--<appender-ref ref="STDOUT" />-->
        <!--<appender-ref ref="FILE" />-->
        <!--<appender-ref ref="DB" />-->
        <!--&lt;!&ndash; 文件输出 &ndash;&gt;-->
        <!--<appender-ref ref="ERROR" />-->
        <!--<appender-ref ref="INFO" />-->
        <!--<appender-ref ref="WARN" />-->
        <!--<appender-ref ref="DEBUG" />-->
        <!--<appender-ref ref="TRACE" />-->
    </root>

</configuration>