<?xml version="1.0" encoding="UTF-8" ?>
<!DOCTYPE mapper
        PUBLIC "-//mybatis.org//DTD Mapper 3.0//EN"
        "http://mybatis.org/dtd/mybatis-3-mapper.dtd">
<mapper namespace="yuan.ding.mapper.UserMapper">
    <resultMap id="BaseResultMap" type="yuan.ding.bean.User">
        <id column="id" property="id"/>
        <result column="name" property="name"/>
        <result column="phone" property="phone"/>
        <result column="telephone" property="telephone"/>
        <result column="address" property="address"/>
        <result column="enabled" property="enabled"/>
        <result column="username" property="username"/>
        <result column="password" property="password"/>
        <result column="userface" property="userface"/>
        <result column="remark" property="remark"/>
        <result column="userno" property="userno"/>
        <result column="sex" property="sex"/>
        <result column="age" property="age"/>
        <result column="idnumber" property="idnumber"/>
        <result column="mobile" property="mobile"/>
        <result column="genTime" property="genTime"/>
        <result column="loginTime" property="loginTime"/>
        <result column="lastLoginTime" property="lastLoginTime"/>
        <result column="count" property="count"/>
    </resultMap>
    <resultMap id="lazyLoadRoles" type="yuan.ding.bean.User" extends="BaseResultMap">
        <collection property="roles" ofType="yuan.ding.bean.Role" select="yuan.ding.mapper.UserMapper.getRolesByUserId"
                    column="id"></collection>
    </resultMap>
    <resultMap id="eagerLoadRoles" type="yuan.ding.bean.User" extends="BaseResultMap">
        <collection property="roles" ofType="yuan.ding.bean.Role">
            <id property="id" column="rid"/>
            <result property="name" column="rname"/>
            <result property="nameZh" column="rnameZh"/>
        </collection>
    </resultMap>
    <select id="loadUserByUsername" resultMap="lazyLoadRoles">
        select * from user WHERE username=#{username};
    </select>
    <select id="getRolesByUserId" resultType="yuan.ding.bean.Role">
        SELECT r.* FROM user_role h,role r where h.rid=r.id AND h.userid=#{id}
    </select>
    <insert id="userReg">
        INSERT INTO user set username=#{username},password=#{password}
    </insert>
    <select id="getUsersByKeywords" resultMap="eagerLoadRoles">
        select h.*,`r`.`id` AS `rid`,`r`.`name` AS `rname`,`r`.`nameZh` AS `rnameZh` from ((`user` `h` left join `user_role`
        `h_r` on ((`h`.`id` = `h_r`.`userid`))) left join `role` `r` on ((`h_r`.`rid` = `r`.`id`))) where h.`id` not
        in(select h_r.`userid` from user_role h_r,role r where h_r.`rid`=r.`id` and r.`nameZh`='系统管理员')
        <if test="keywords!='all' and keywords!=''">
            and h.`name` like concat('%',#{keywords},'%')
        </if>
        order by h.`id` limit 10
    </select>
    <select id="getUserById" resultMap="eagerLoadRoles">
        select h.*,`r`.`id` AS `rid`,`r`.`name` AS `rname`,`r`.`nameZh` AS `rnameZh` from ((`user` `h` left join `user_role`
        `h_r` on ((`h`.`id` = `h_r`.`userid`))) left join `role` `r` on ((`h_r`.`rid` = `r`.`id`))) where h.`id`=#{userId}
    </select>
    <update id="updateUser" parameterType="yuan.ding.bean.User">
        update user
        <set>
            <if test="name != null">
                name = #{name,jdbcType=VARCHAR},
            </if>
            <if test="phone != null">
                phone = #{phone,jdbcType=CHAR},
            </if>
            <if test="telephone != null">
                telephone = #{telephone,jdbcType=VARCHAR},
            </if>
            <if test="address != null">
                address = #{address,jdbcType=VARCHAR},
            </if>
            <if test="enabled != null">
                enabled = #{enabled,jdbcType=BIT},
            </if>
            <if test="username != null">
                username = #{username,jdbcType=VARCHAR},
            </if>
            <if test="password != null">
                password = #{password,jdbcType=VARCHAR},
            </if>
            <if test="userface != null">
                userface = #{userface,jdbcType=VARCHAR},
            </if>
            <if test="remark != null">
                remark = #{remark,jdbcType=VARCHAR},
            </if>
        </set>
        where id = #{id}
    </update>
    <delete id="deleteRoleByUserId" parameterType="Long">
        DELETE FROM user_role where userid=#{userId}
    </delete>
    <insert id="addRolesForUser">
        INSERT INTO user_role(userid,rid) VALUES
        <foreach collection="rids" separator="," item="rid">
            (#{userId},#{rid})
        </foreach>
    </insert>
    <delete id="deleteUser" parameterType="Long">
        DELETE FROM user WHERE id=#{userId}
    </delete>
    <select id="getAllUser" resultType="yuan.ding.bean.User">
        select * from user
        <if test="currentId!=null">
            WHERE id !=#{currentId}
        </if>
    </select>
</mapper>